number,bytes_before,bytes_after,target_met,hard_limit_met,frames,unique_frames,cycle_ms,max_changed_bbox_ratio,fixed_region_byte_identity,optimization_pass,roundtrip_result,visual_quality_result,note
001,,,NOT_RUN,NOT_RUN,0,0,,,NOT_RUN,NOT_RUN,NOT_RUN,NOT_RUN,source frames not found: /home/user/aimaoon/OUTPUT/frames/001
002,,,NOT_RUN,NOT_RUN,0,0,,,NOT_RUN,NOT_RUN,NOT_RUN,NOT_RUN,source frames not found: /home/user/aimaoon/OUTPUT/frames/002
003,,,NOT_RUN,NOT_RUN,0,0,,,NOT_RUN,NOT_RUN,NOT_RUN,NOT_RUN,source frames not found: /home/user/aimaoon/OUTPUT/frames/003
004,,,NOT_RUN,NOT_RUN,0,0,,,NOT_RUN,NOT_RUN,NOT_RUN,NOT_RUN,source frames not found: /home/user/aimaoon/OUTPUT/frames/004
005,,,NOT_RUN,NOT_RUN,0,0,,,NOT_RUN,NOT_RUN,NOT_RUN,NOT_RUN,source frames not found: /home/user/aimaoon/OUTPUT/frames/005
006,,,NOT_RUN,NOT_RUN,0,0,,,NOT_RUN,NOT_RUN,NOT_RUN,NOT_RUN,source frames not found: /home/user/aimaoon/OUTPUT/frames/006
007,,,NOT_RUN,NOT_RUN,0,0,,,NOT_RUN,NOT_RUN,NOT_RUN,NOT_RUN,source frames not found: /home/user/aimaoon/OUTPUT/frames/007
008,,,NOT_RUN,NOT_RUN,0,0,,,NOT_RUN,NOT_RUN,NOT_RUN,NOT_RUN,source frames not found: /home/user/aimaoon/OUTPUT/frames/008
009,,,NOT_RUN,NOT_RUN,0,0,,,NOT_RUN,NOT_RUN,NOT_RUN,NOT_RUN,source frames not found: /home/user/aimaoon/OUTPUT/frames/009
010,,,NOT_RUN,NOT_RUN,0,0,,,NOT_RUN,NOT_RUN,NOT_RUN,NOT_RUN,source frames not found: /home/user/aimaoon/OUTPUT/frames/010
011,,,NOT_RUN,NOT_RUN,0,0,,,NOT_RUN,NOT_RUN,NOT_RUN,NOT_RUN,source frames not found: /home/user/aimaoon/OUTPUT/frames/011
012,,,NOT_RUN,NOT_RUN,0,0,,,NOT_RUN,NOT_RUN,NOT_RUN,NOT_RUN,source frames not found: /home/user/aimaoon/OUTPUT/frames/012
013,,,NOT_RUN,NOT_RUN,0,0,,,NOT_RUN,NOT_RUN,NOT_RUN,NOT_RUN,source frames not found: /home/user/aimaoon/OUTPUT/frames/013
014,,,NOT_RUN,NOT_RUN,0,0,,,NOT_RUN,NOT_RUN,NOT_RUN,NOT_RUN,source frames not found: /home/user/aimaoon/OUTPUT/frames/014
015,,,NOT_RUN,NOT_RUN,0,0,,,NOT_RUN,NOT_RUN,NOT_RUN,NOT_RUN,source frames not found: /home/user/aimaoon/OUTPUT/frames/015
016,,,NOT_RUN,NOT_RUN,0,0,,,NOT_RUN,NOT_RUN,NOT_RUN,NOT_RUN,source frames not found: /home/user/aimaoon/OUTPUT/frames/016
017,,,NOT_RUN,NOT_RUN,0,0,,,NOT_RUN,NOT_RUN,NOT_RUN,NOT_RUN,source frames not found: /home/user/aimaoon/OUTPUT/frames/017
018,,,NOT_RUN,NOT_RUN,0,0,,,NOT_RUN,NOT_RUN,NOT_RUN,NOT_RUN,source frames not found: /home/user/aimaoon/OUTPUT/frames/018
019,,,NOT_RUN,NOT_RUN,0,0,,,NOT_RUN,NOT_RUN,NOT_RUN,NOT_RUN,source frames not found: /home/user/aimaoon/OUTPUT/frames/019
020,,,NOT_RUN,NOT_RUN,0,0,,,NOT_RUN,NOT_RUN,NOT_RUN,NOT_RUN,source frames not found: /home/user/aimaoon/OUTPUT/frames/020
021,,,NOT_RUN,NOT_RUN,0,0,,,NOT_RUN,NOT_RUN,NOT_RUN,NOT_RUN,source frames not found: /home/user/aimaoon/OUTPUT/frames/021
022,,,NOT_RUN,NOT_RUN,0,0,,,NOT_RUN,NOT_RUN,NOT_RUN,NOT_RUN,source frames not found: /home/user/aimaoon/OUTPUT/frames/022
023,,,NOT_RUN,NOT_RUN,0,0,,,NOT_RUN,NOT_RUN,NOT_RUN,NOT_RUN,source frames not found: /home/user/aimaoon/OUTPUT/frames/023
024,,,NOT_RUN,NOT_RUN,0,0,,,NOT_RUN,NOT_RUN,NOT_RUN,NOT_RUN,source frames not found: /home/user/aimaoon/OUTPUT/frames/024
025,,,NOT_RUN,NOT_RUN,0,0,,,NOT_RUN,NOT_RUN,NOT_RUN,NOT_RUN,source frames not found: /home/user/aimaoon/OUTPUT/frames/025
026,,,NOT_RUN,NOT_RUN,0,0,,,NOT_RUN,NOT_RUN,NOT_RUN,NOT_RUN,source frames not found: /home/user/aimaoon/OUTPUT/frames/026
027,,,NOT_RUN,NOT_RUN,0,0,,,NOT_RUN,NOT_RUN,NOT_RUN,NOT_RUN,source frames not found: /home/user/aimaoon/OUTPUT/frames/027
028,,,NOT_RUN,NOT_RUN,0,0,,,NOT_RUN,NOT_RUN,NOT_RUN,NOT_RUN,source frames not found: /home/user/aimaoon/OUTPUT/frames/028
029,,,NOT_RUN,NOT_RUN,0,0,,,NOT_RUN,NOT_RUN,NOT_RUN,NOT_RUN,source frames not found: /home/user/aimaoon/OUTPUT/frames/029
030,,,NOT_RUN,NOT_RUN,0,0,,,NOT_RUN,NOT_RUN,NOT_RUN,NOT_RUN,source frames not found: /home/user/aimaoon/OUTPUT/frames/030
031,,,NOT_RUN,NOT_RUN,0,0,,,NOT_RUN,NOT_RUN,NOT_RUN,NOT_RUN,source frames not found: /home/user/aimaoon/OUTPUT/frames/031
032,,,NOT_RUN,NOT_RUN,0,0,,,NOT_RUN,NOT_RUN,NOT_RUN,NOT_RUN,source frames not found: /home/user/aimaoon/OUTPUT/frames/032
033,,,NOT_RUN,NOT_RUN,0,0,,,NOT_RUN,NOT_RUN,NOT_RUN,NOT_RUN,source frames not found: /home/user/aimaoon/OUTPUT/frames/033
034,,,NOT_RUN,NOT_RUN,0,0,,,NOT_RUN,NOT_RUN,NOT_RUN,NOT_RUN,source frames not found: /home/user/aimaoon/OUTPUT/frames/034
035,,,NOT_RUN,NOT_RUN,0,0,,,NOT_RUN,NOT_RUN,NOT_RUN,NOT_RUN,source frames not found: /home/user/aimaoon/OUTPUT/frames/035
036,,,NOT_RUN,NOT_RUN,0,0,,,NOT_RUN,NOT_RUN,NOT_RUN,NOT_RUN,source frames not found: /home/user/aimaoon/OUTPUT/frames/036
037,,,NOT_RUN,NOT_RUN,0,0,,,NOT_RUN,NOT_RUN,NOT_RUN,NOT_RUN,source frames not found: /home/user/aimaoon/OUTPUT/frames/037
038,,,NOT_RUN,NOT_RUN,0,0,,,NOT_RUN,NOT_RUN,NOT_RUN,NOT_RUN,source frames not found: /home/user/aimaoon/OUTPUT/frames/038
039,,,NOT_RUN,NOT_RUN,0,0,,,NOT_RUN,NOT_RUN,NOT_RUN,NOT_RUN,source frames not found: /home/user/aimaoon/OUTPUT/frames/039
040,,,NOT_RUN,NOT_RUN,0,0,,,NOT_RUN,NOT_RUN,NOT_RUN,NOT_RUN,source frames not found: /home/user/aimaoon/OUTPUT/frames/040
