"週","開始日","終了日","Threads_imp","Threads_フォロワー増","プロフィール遷移","IG_フォロワー増","IG_保存","リンククリック","LINE_新規登録","LINE_累計","LINE_ブロック率","ブログPV","ASP_クリック","発生件数","確定報酬","一番伸びた投稿","伸びた理由の仮説","来週やること"
"第1週","","","","","","","","","","","","","","","","","",""
"第2週","","","","","","","","","","","","","","","","","",""
"第3週","","","","","","","","","","","","","","","","","",""
"第4週","","","","","","","","","","","","","","","","","",""
"第5週","","","","","","","","","","","","","","","","","",""
"第6週","","","","","","","","","","","","","","","","","",""
"第7週","","","","","","","","","","","","","","","","","",""
"第8週","","","","","","","","","","","","","","","","","",""
"第9週","","","","","","","","","","","","","","","","","",""
"第10週","","","","","","","","","","","","","","","","","",""
"第11週","","","","","","","","","","","","","","","","","",""
"第12週","","","","","","","","","","","","","","","","","",""
